Name,Coefficients
flyer,0.2060981463239906
insta_good,0.6849931209651826
holiday,26.549665410259074
new_item,38.90575111733459
insta_post,48.87110662911014
event,245.43674544314817
intercept,131.89410662096918
